,medhinc23,medhval23,medrent23,totpop23,GEOID,totpop19,medhval19,medrent19,medhinc19,GENTRIFICATION
0,211023.0,1825500.0,3501.0,2746,06073000100,3093.0,1281100.0,2222.0,138879.0,-0.04265033421535033
1,110476.0,1445900.0,2299.0,2376,06073000201,1891.0,825400.0,1601.0,88125.0,-0.05044256127022198
2,121264.0,966200.0,2141.0,4019,06073000202,4542.0,788600.0,1528.0,76658.0,-0.01901792306156186
3,79605.0,895600.0,1849.0,2487,06073000301,2340.0,659800.0,1555.0,68679.0,0.055990562392066824
4,89850.0,820800.0,2414.0,2925,06073000302,2899.0,659800.0,1555.0,68679.0,-0.02707500965725189
5,89565.0,802500.0,2246.0,4079,06073000400,3801.0,514400.0,1515.0,70267.0,-0.08149807933658428
6,101875.0,1031800.0,1919.0,2828,06073000500,3153.0,764883.0,1620.0,82606.0,0.057813394049968304
7,99161.0,723300.0,1900.0,3111,06073000600,3205.0,571400.0,1377.0,70500.0,-0.005375582800163696
8,109484.0,833900.0,1875.0,4371,06073000700,4624.0,538300.0,1651.0,87656.0,0.03449427563507382
9,92348.0,795900.0,1997.0,5105,06073000800,5178.0,581900.0,1502.0,73520.0,0.011133677659855776
10,106133.0,800700.0,1972.0,3951,06073000901,3327.0,410400.0,1462.0,64092.0,-0.19814012031947772
11,83678.0,612500.0,1911.0,2661,06073000902,2414.0,410400.0,1462.0,64092.0,-0.029431690578019427
12,86443.0,674500.0,1899.0,4622,06073001000,4472.0,455400.0,1317.0,74406.0,-0.029244251934872706
13,94007.0,692400.0,2106.0,2939,06073001100,3168.0,515800.0,1634.0,79556.0,0.049188506528516626
14,68750.0,441900.0,1630.0,2290,06073001201,2574.0,402100.0,1289.0,51182.0,0.06837564682351907
15,102857.0,594300.0,1904.0,2966,06073001202,3463.0,402100.0,1289.0,51182.0,-0.08938216676489558
16,105903.0,536700.0,1998.0,2713,06073001301,2732.0,364400.0,1527.0,64688.0,-0.04985837870472386
17,83659.0,914600.0,1818.0,3245,06073001302,3524.0,364400.0,1527.0,64688.0,-0.1041989706974576
18,94156.0,1080700.0,1927.0,3341,06073001400,3456.0,729500.0,1535.0,79953.0,0.025960023114221104
19,110380.0,856500.0,2082.0,3934,06073001500,3827.0,633900.0,1501.0,80337.0,-0.029505002121202037
20,63003.0,493200.0,1719.0,5065,06073001600,5821.0,410700.0,1337.0,43307.0,0.06845704276225731
21,90404.0,616100.0,1741.0,4846,06073001700,4448.0,433700.0,1381.0,65074.0,-0.023640734965732484
22,70682.0,485100.0,1762.0,1805,06073001801,2160.0,482700.0,1377.0,55156.0,0.11284499644096091
23,82013.0,525000.0,1965.0,3248,06073001802,3257.0,482700.0,1377.0,55156.0,0.029576095889903224
24,131619.0,1023400.0,2231.0,3343,06073001900,3276.0,694436.0,1673.0,100820.0,-0.016375376769388203
25,188306.0,1324100.0,2780.0,3566,06073002001,3306.0,893400.0,2700.0,160545.0,0.034782992231989905
26,166605.0,1061900.0,2268.0,2626,06073002002,2610.0,748900.0,1907.0,113250.0,0.020692722580667084
27,76648.0,1052800.0,1886.0,5795,06073002100,5471.0,579200.0,1465.0,66811.0,-0.036484132110189235
28,40647.0,,1590.0,3145,06073002201,3328.0,450800.0,1054.0,32191.0,
29,53537.0,360800.0,1570.0,4825,06073002202,5477.0,404800.0,1072.0,33731.0,0.06898114023111336
30,76884.0,689100.0,1670.0,3190,06073002301,3073.0,381800.0,1278.0,44891.0,-0.09339412394981042
31,46806.0,778400.0,1529.0,5882,06073002302,7300.0,308000.0,1062.0,32087.0,-0.08622085534531584
32,75813.0,592900.0,1941.0,4314,06073002401,4791.0,436900.0,1305.0,51792.0,-0.007418253983801949
33,54944.0,575800.0,1623.0,4951,06073002402,5189.0,272900.0,1088.0,33224.0,-0.03878516340043452
34,76208.0,603700.0,1825.0,4878,06073002501,5406.0,386500.0,1225.0,51014.0,-0.035478791761594825
35,94092.0,629500.0,1919.0,6932,06073002502,6479.0,419100.0,1404.0,59099.0,-0.08492354389437187
36,65000.0,586200.0,1702.0,5994,06073002601,5609.0,333300.0,1123.0,32698.0,-0.08575092257860978
37,58417.0,564600.0,1958.0,4655,06073002602,4452.0,425800.0,1231.0,50875.0,-0.021638094889836357
38,80090.0,707900.0,2018.0,5559,06073002702,6350.0,427900.0,1580.0,60057.0,-0.020271208671906266
39,83644.0,553000.0,1872.0,7082,06073002703,7035.0,347801.0,1499.0,55014.0,-0.023518129361013926
40,75703.0,591100.0,1883.0,4756,06073002705,4133.0,391500.0,1596.0,63565.0,0.0036682018089233756
41,45529.0,500000.0,1583.0,4980,06073002707,5405.0,190300.0,1145.0,35547.0,0.007413290600403526
42,41119.0,532100.0,1556.0,4789,06073002708,5395.0,301500.0,1050.0,28462.0,0.010006504002507976
43,53520.0,610400.0,1508.0,3800,06073002709,4470.0,451300.0,1106.0,33958.0,0.06425356331903964
44,58636.0,664500.0,1564.0,3921,06073002710,4640.0,397900.0,1117.0,54973.0,0.028764139995192547
45,87011.0,610000.0,2363.0,3772,06073002711,3327.0,388675.0,1783.0,59345.0,-0.08145135302824068
46,54083.0,550500.0,1505.0,5566,06073002712,5658.0,326200.0,1142.0,38152.0,-0.0023286218005335937
47,73795.0,1199500.0,1531.0,4477,06073002801,3214.0,700300.0,1463.0,40318.0,-0.08668575221610972
48,80991.0,791500.0,2092.0,5207,06073002803,4897.0,443000.0,1255.0,53036.0,-0.16274830922767983
49,88156.0,940200.0,2143.0,5541,06073002804,5750.0,626000.0,2284.0,82983.0,0.13900674930221035
50,75729.0,757200.0,1844.0,5979,06073002902,7474.0,543700.0,1516.0,55878.0,0.055465658214246316
51,93344.0,650100.0,2500.0,4606,06073002903,4031.0,450200.0,1626.0,67974.0,-0.10777859680981022
52,45746.0,686700.0,2202.0,9812,06073002904,10078.0,574600.0,1484.0,34784.0,0.00981839013887148
53,74500.0,580000.0,1755.0,5310,06073002905,4278.0,460800.0,1480.0,51830.0,0.012795352828184121
54,91397.0,624500.0,1425.0,4484,06073003001,4664.0,425700.0,1358.0,79385.0,0.06299560839323942
55,84622.0,612900.0,2274.0,4926,06073003003,5719.0,426300.0,1832.0,71066.0,0.0686152227096524
56,64815.0,488400.0,1654.0,5260,06073003004,5107.0,349300.0,1308.0,49708.0,0.018074698607347468
57,88229.0,595600.0,2114.0,3913,06073003101,4041.0,417300.0,1719.0,54511.0,-6.0093331240358705e-05
58,99919.0,606200.0,2158.0,6462,06073003103,6105.0,412600.0,1430.0,68553.0,-0.08395456176587632
59,108068.0,577500.0,3042.0,4343,06073003105,4664.0,384900.0,2084.0,70870.0,-0.06283779054449215
60,97105.0,609900.0,2405.0,5307,06073003107,6145.0,395000.0,1873.0,73897.0,0.023189515704680266
61,112837.0,599300.0,1938.0,3526,06073003108,3797.0,415200.0,1760.0,82143.0,0.05508286795950203
62,123368.0,588400.0,2299.0,3319,06073003109,3257.0,419000.0,1934.0,82955.0,0.006009786109784664
63,46528.0,553700.0,1522.0,6211,06073003111,6402.0,441300.0,1233.0,42073.0,0.07732288824029493
64,85965.0,551700.0,1683.0,3938,06073003112,4456.0,390400.0,992.0,72125.0,0.04026343818420737
65,114028.0,625800.0,2268.0,4719,06073003113,5419.0,425600.0,2018.0,88707.0,0.07855588651774582
66,110081.0,647200.0,2612.0,3482,06073003114,3462.0,443400.0,2223.0,99934.0,0.057667192319878144
67,85156.0,625200.0,763.0,5613,06073003115,6874.0,425300.0,1131.0,59882.0,0.02438440136181627
68,93508.0,621600.0,2369.0,5488,06073003201,5157.0,425500.0,1907.0,67841.0,-0.017583651054886032
69,91435.0,603800.0,2314.0,4891,06073003202,4293.0,378800.0,1671.0,63402.0,-0.10409554391118545
70,118750.0,699200.0,2436.0,3605,06073003204,3285.0,458200.0,1935.0,87561.0,-0.03790268561081881
71,109704.0,909500.0,2291.0,5768,06073003207,6278.0,654400.0,1824.0,89702.0,0.053209755736848274
72,82594.0,507300.0,1836.0,6749,06073003208,6658.0,373800.0,1424.0,58217.0,-0.006599057309074861
73,80436.0,499300.0,1960.0,5277,06073003209,5469.0,320300.0,1441.0,59781.0,-0.015248147598918668
74,96563.0,591200.0,1643.0,3077,06073003211,3555.0,435500.0,1836.0,75708.0,0.1855126528405958
75,103281.0,661000.0,2314.0,3930,06073003212,4158.0,439131.0,1817.0,100155.0,0.07431339557408147
76,125164.0,660500.0,3087.0,3825,06073003213,4582.0,451600.0,2106.0,112318.0,0.0448911171087511
77,80762.0,477700.0,2504.0,4587,06073003214,5314.0,386100.0,1668.0,71496.0,0.03995430097651349
78,72773.0,574300.0,1575.0,3338,06073003301,3820.0,369400.0,1312.0,47174.0,0.0275058649307448
79,57699.0,499400.0,1713.0,3969,06073003303,4841.0,314943.0,1332.0,31766.0,0.044801765056906195
80,45362.0,,1718.0,3164,06073003304,4099.0,291000.0,1220.0,42198.0,
81,56842.0,572500.0,1551.0,6521,06073003305,6601.0,342100.0,1130.0,30293.0,-0.026298160207722278
82,78026.0,621300.0,2045.0,5794,06073003401,6382.0,385400.0,1597.0,61667.0,0.0003706321437759591
83,66711.0,571900.0,2123.0,3681,06073003403,4094.0,375200.0,1261.0,49477.0,-0.04587199625180281
84,75843.0,483800.0,1763.0,4595,06073003404,5062.0,385400.0,1269.0,46923.0,0.010108462660976487
85,59974.0,452900.0,1633.0,3591,06073003501,4929.0,338400.0,1308.0,37050.0,0.09682077167190925
86,43807.0,573400.0,1625.0,4655,06073003502,4754.0,318800.0,1164.0,35911.0,-0.01996717288896995
87,83233.0,577600.0,1736.0,3460,06073003601,3006.0,372300.0,1152.0,39469.0,-0.1166927240736975
88,64444.0,517900.0,1637.0,3719,06073003602,3427.0,344800.0,1342.0,54375.0,0.02141639191758871
89,63664.0,577900.0,1739.0,3176,06073003603,3907.0,353500.0,1291.0,50236.0,0.03574348240202116
90,,,,8774,06073003800,6372.0,0.0,0.0,0.0,
91,67459.0,487400.0,1806.0,4381,06073003901,4379.0,379500.0,1161.0,40250.0,-0.039535946204277306
92,53750.0,478000.0,1683.0,4257,06073003902,4388.0,352900.0,1159.0,44900.0,0.01828777969010532
93,53643.0,551900.0,1839.0,4151,06073004000,4513.0,432700.0,1021.0,35056.0,0.00029585097333068716
94,56931.0,396600.0,1830.0,4163,06073004101,5032.0,510400.0,1509.0,56797.0,0.2152418158125125
95,75000.0,714300.0,2042.0,2169,06073004102,2275.0,510400.0,1509.0,56797.0,-0.0024657774764798874
96,138021.0,1058400.0,2188.0,5903,06073004200,6291.0,691200.0,1926.0,117710.0,0.06979321500558783
97,107846.0,1124600.0,1970.0,4339,06073004300,3943.0,800800.0,1467.0,70250.0,-0.08064264025632958
98,102069.0,1129300.0,2156.0,4097,06073004400,4099.0,759800.0,1366.0,70938.0,-0.08772596121722046
99,77444.0,870700.0,1868.0,2850,06073004501,2505.0,387100.0,1302.0,50592.0,-0.1808365849313074
100,72774.0,853100.0,1780.0,1996,06073004600,2004.0,705700.0,1292.0,57329.0,0.03135607257760904
101,64338.0,661100.0,1855.0,1327,06073004700,1703.0,566700.0,1215.0,41964.0,0.007230198060588319
102,61783.0,822500.0,1684.0,3395,06073004800,4171.0,526500.0,1127.0,36792.0,0.0007663475200678296
103,46533.0,629000.0,1272.0,5166,06073004900,5505.0,397900.0,1081.0,36400.0,-9.64680868102228e-05
104,39050.0,669100.0,1438.0,1897,06073005000,2195.0,559900.0,1113.0,31875.0,0.061819977745294664
105,64155.0,,2422.0,3618,06073005101,1670.0,416800.0,1064.0,46658.0,
106,85541.0,661300.0,2423.0,4673,06073005102,2795.0,416800.0,1064.0,46658.0,-0.3379948551644285
107,24125.0,,876.0,3045,06073005103,3237.0,416800.0,1064.0,46658.0,
108,105271.0,484500.0,2448.0,3207,06073005201,2782.0,446200.0,1869.0,65625.0,-0.00022756113504737024
109,58140.0,619000.0,2246.0,5108,06073005202,4305.0,446200.0,1869.0,65625.0,0.05951697946302169
110,74775.0,534500.0,2581.0,3313,06073005301,1986.0,813200.0,1632.0,67596.0,0.09935118745596516
111,86250.0,972900.0,1995.0,4116,06073005302,3861.0,813200.0,1632.0,67596.0,0.01959182116058089
112,185814.0,762100.0,2741.0,1813,06073005401,1905.0,724400.0,1708.0,97781.0,-0.0554698924546196
113,131332.0,939400.0,2581.0,4506,06073005402,3350.0,724400.0,1708.0,97781.0,-0.12131567746549776
114,140388.0,948500.0,2397.0,2407,06073005403,2632.0,724400.0,1708.0,97781.0,-0.026183544905433374
115,,,,295,06073005500,285.0,0.0,0.0,0.0,
116,58924.0,856500.0,2266.0,2525,06073005601,2455.0,473800.0,1717.0,79692.0,0.037549290825686775
117,100397.0,604300.0,2094.0,2117,06073005602,2132.0,473800.0,1717.0,79692.0,0.07622297301690578
118,75181.0,660700.0,1674.0,2154,06073005700,1590.0,466700.0,1183.0,38063.0,-0.04083628898150232
119,100909.0,836500.0,2729.0,1703,06073005801,1474.0,539600.0,2318.0,104728.0,0.07694173435100184
120,143182.0,654900.0,3029.0,2830,06073005802,2479.0,539600.0,2318.0,104728.0,0.022584395339299512
121,87813.0,885600.0,1848.0,3187,06073005900,3344.0,649800.0,1431.0,72550.0,0.03751694859596968
122,99044.0,946600.0,1930.0,4431,06073006000,3816.0,843000.0,1851.0,116800.0,0.1616436264535568
123,95655.0,1112400.0,2172.0,2225,06073006100,2370.0,837200.0,1619.0,99375.0,0.0800288051675473
124,,,,31,06073006200,23.0,0.0,0.0,0.0,
125,,,,2490,06073006300,3760.0,0.0,0.0,0.0,
126,69057.0,843800.0,1324.0,3554,06073006500,3359.0,626000.0,1098.0,58112.0,0.02768473032983535
127,101250.0,,3265.0,2001,06073006600,1811.0,0.0,2682.0,51250.0,
128,90531.0,490000.0,2459.0,3299,06073006801,2971.0,399600.0,1829.0,73696.0,0.010459500139093185
129,89634.0,671100.0,2425.0,6017,06073006802,5886.0,409800.0,1708.0,73226.0,-0.07567461469840155
130,140768.0,1306800.0,3164.0,5878,06073006900,5854.0,932900.0,2076.0,111936.0,-0.0366040638314957
131,179239.0,1383300.0,3501.0,3170,06073007002,3114.0,972200.0,2905.0,150673.0,0.008221784989774272
132,148464.0,1362100.0,1864.0,4296,06073007100,4539.0,596650.0,2438.0,102812.0,0.0839657663037372
133,177039.0,1938300.0,3501.0,5809,06073007200,6054.0,1160500.0,3351.0,149583.0,0.01138530470659152
134,179449.0,1575900.0,3363.0,2741,06073007302,2268.0,1038000.0,2477.0,133958.0,-0.020504130016802638
135,115000.0,997400.0,2361.0,1712,06073007303,1913.0,850000.0,1690.0,88281.0,0.003523343643840368
136,104311.0,916700.0,2107.0,3620,06073007304,3500.0,850000.0,1690.0,88281.0,0.06980439475681088
137,81477.0,681000.0,2112.0,2745,06073007401,3521.0,717800.0,1709.0,80121.0,0.20721893887780074
138,131159.0,995900.0,2297.0,3806,06073007402,4016.0,717800.0,1709.0,80121.0,-0.052061922640519884
139,83750.0,1105300.0,2153.0,4160,06073007501,4244.0,685500.0,1492.0,69563.0,-0.03284363424024596
140,84550.0,1117600.0,1994.0,3010,06073007502,3319.0,794200.0,1559.0,62300.0,0.0036288163384211036
141,93785.0,1079200.0,1934.0,1750,06073007601,2191.0,947900.0,1642.0,70797.0,0.05716362472348661
142,129764.0,2000001.0,2735.0,1435,06073007602,1791.0,947900.0,1642.0,70797.0,-0.17563959447957123
143,126346.0,1204700.0,2418.0,4243,06073007701,3673.0,875000.0,1881.0,72070.0,-0.10063361199587677
144,109414.0,963200.0,2167.0,3188,06073007702,4012.0,958800.0,1752.0,74028.0,0.08355010523925283
145,105938.0,696100.0,2171.0,5939,06073007800,6155.0,650300.0,1645.0,76304.0,0.059973532101061905
146,120074.0,1178900.0,2538.0,2557,06073007905,2659.0,1043800.0,1785.0,81455.0,-0.038451553612848355
147,115660.0,962500.0,2268.0,3167,06073007907,3576.0,643300.0,1635.0,71802.0,-0.05204341553830262
148,89936.0,919500.0,2255.0,3285,06073007908,3726.0,645700.0,1681.0,66225.0,0.0074629712821274174
149,100227.0,1076300.0,2037.0,2832,06073007910,2937.0,862700.0,1725.0,64780.0,0.02082629734131422
150,115134.0,528200.0,2657.0,2347,06073007911,2371.0,496200.0,1645.0,71637.0,-0.0337667316628512
151,113724.0,1128100.0,2567.0,1795,06073007912,1947.0,496200.0,1645.0,71637.0,-0.2035743706061663
152,184653.0,1589300.0,2899.0,2680,06073008002,3004.0,1017400.0,2182.0,127250.0,-0.007350483670797204
153,158704.0,1061400.0,2693.0,3440,06073008003,3845.0,969600.0,1858.0,105114.0,-0.0011725274636100042
154,131125.0,1831900.0,2350.0,4039,06073008006,3903.0,931900.0,1841.0,97395.0,-0.019913341182707517
155,104457.0,1887600.0,2378.0,3696,06073008101,3760.0,1711027.0,1901.0,85632.0,0.03545522858290058
156,188545.0,2000001.0,2893.0,3367,06073008102,3413.0,1699700.0,2089.0,144375.0,-0.022015212334800846
157,129688.0,1546900.0,2808.0,1763,06073008201,1712.0,1693200.0,2217.0,87321.0,-0.019146618731604823
158,105094.0,1341900.0,3501.0,1196,06073008202,1258.0,1693200.0,2217.0,87321.0,-0.012298899551906994
159,230962.0,1767500.0,3501.0,3461,06073008301,2924.0,1112600.0,3501.0,119375.0,-0.06132020952130139
160,227275.0,2000001.0,3501.0,3021,06073008303,3496.0,2000001.0,1949.0,161625.0,-0.0483613428882445
161,41776.0,828100.0,1544.0,7705,06073008305,1460.0,500000.0,1266.0,42193.0,-0.23841019015538986
162,232614.0,1335000.0,3501.0,2688,06073008306,3191.0,880400.0,2919.0,164583.0,0.016447361738671354
163,122083.0,1113000.0,2810.0,4348,06073008307,3914.0,817000.0,2293.0,92589.0,-0.017390989688201172
164,153897.0,1699000.0,3501.0,6250,06073008310,5725.0,1522300.0,3055.0,140910.0,0.010042096520947674
165,250001.0,2000001.0,3501.0,2724,06073008311,2936.0,2000001.0,3275.0,229583.0,0.018083462638926982
166,140463.0,2000001.0,2245.0,3841,06073008312,3528.0,1886400.0,1757.0,129360.0,0.02030212095617731
167,242083.0,2000001.0,3501.0,2214,06073008313,2214.0,1407200.0,3092.0,194643.0,0.0013110303745102019
168,194130.0,2000001.0,3009.0,7175,06073008324,7226.0,1314100.0,2355.0,171250.0,0.00954798374283286
169,174659.0,1189000.0,3388.0,6038,06073008327,5881.0,860600.0,2836.0,153493.0,0.019503568319909514
170,250001.0,2000001.0,3501.0,7766,06073008328,6351.0,1362400.0,3425.0,199613.0,-0.02567501768671751
171,176190.0,1454700.0,3024.0,4901,06073008330,5271.0,956500.0,2249.0,144327.0,0.004516865604208886
172,217083.0,1320800.0,3501.0,2766,06073008331,2621.0,907200.0,3201.0,173207.0,0.0019224927888930113
173,197841.0,1081900.0,3501.0,2086,06073008336,2423.0,729700.0,2650.0,155547.0,0.00045139259354679863
174,180496.0,979100.0,3501.0,4996,06073008337,4660.0,734200.0,2675.0,154924.0,-0.013157886683626496
175,80417.0,634100.0,2336.0,1882,06073008339,1987.0,462200.0,1929.0,77813.0,0.10021196547197594
176,82325.0,616700.0,2437.0,4165,06073008343,5067.0,485700.0,1870.0,63061.0,0.0830307210589388
177,176680.0,1127500.0,3242.0,3460,06073008344,3764.0,771400.0,2696.0,111250.0,-0.004219216870614537
178,88095.0,1161800.0,2461.0,4204,06073008345,4012.0,819000.0,1948.0,83816.0,0.03513902015832651
179,177386.0,1045900.0,3501.0,4255,06073008346,4910.0,721800.0,2743.0,150597.0,0.03638512765113065
180,145714.0,824200.0,2983.0,6704,06073008347,7480.0,609500.0,2349.0,116696.0,0.04338241314818492
181,150847.0,866400.0,2539.0,4935,06073008348,5691.0,591700.0,2140.0,111773.0,0.043651938127404755
182,129038.0,840700.0,2676.0,3822,06073008349,3841.0,524200.0,2256.0,114625.0,0.023034412738366122
183,121335.0,894900.0,2727.0,6334,06073008350,6979.0,585500.0,2095.0,100701.0,0.01273685792028223
184,149196.0,775900.0,2744.0,4817,06073008351,4225.0,545700.0,2124.0,94821.0,-0.0751805740268696
185,133869.0,834300.0,2328.0,4119,06073008352,3687.0,556900.0,1904.0,92526.0,-0.045691142793699124
186,151857.0,826200.0,3216.0,4802,06073008353,5133.0,582500.0,2350.0,103114.0,-0.01230039654222606
187,154000.0,852600.0,3048.0,3093,06073008355,3461.0,606000.0,2598.0,102750.0,0.018279770524315266
188,121548.0,664800.0,2438.0,3950,06073008356,4028.0,406100.0,1831.0,94569.0,-0.04349247846213418
189,114583.0,687100.0,2130.0,4608,06073008357,4939.0,435500.0,1753.0,93233.0,0.02471573220361957
190,115942.0,776500.0,2192.0,6522,06073008358,7467.0,469600.0,2003.0,100570.0,0.07788847055486056
191,86685.0,341200.0,2202.0,4426,06073008359,4540.0,214400.0,1760.0,58494.0,-0.0025269872088247713
192,99122.0,648600.0,2295.0,7071,06073008360,6801.0,431700.0,1732.0,77083.0,-0.019048419622884713
193,97772.0,762600.0,2599.0,2720,06073008361,2634.0,461300.0,2029.0,60513.0,-0.07398415711553274
194,114071.0,840900.0,3028.0,3270,06073008362,3414.0,603200.0,2205.0,95222.0,0.017845626266115217
195,70206.0,459500.0,2472.0,5373,06073008363,4997.0,318000.0,1917.0,67762.0,0.031091547929783896
196,97066.0,722400.0,2449.0,4596,06073008364,6031.0,703900.0,1894.0,73289.0,0.13798390126984503
197,207865.0,1218200.0,3501.0,2611,06073008365,3007.0,857600.0,3375.0,160500.0,0.02355145184758197
198,225692.0,1142600.0,3501.0,6994,06073008366,6751.0,828900.0,3501.0,171677.0,0.0047785669363445415
199,120742.0,998400.0,1714.0,3312,06073008367,2698.0,774660.0,2619.0,158641.0,0.266787493957697
200,211830.0,1182800.0,3501.0,6464,06073008368,7442.0,774600.0,2618.0,158627.0,-0.0031362183287419187
201,168393.0,728700.0,3321.0,4599,06073008369,3114.0,519000.0,2318.0,102838.0,-0.14544003699040664
202,156184.0,831000.0,2897.0,3790,06073008370,4142.0,519000.0,2318.0,102838.0,-0.02308454858461005
203,159405.0,1759400.0,3422.0,4005,06073008371,3890.0,1214200.0,2642.0,175227.0,0.021486804095170273
204,225481.0,2000001.0,3422.0,3965,06073008372,4074.0,1214200.0,2642.0,175227.0,0.003074645039711707
205,219271.0,1385100.0,3463.0,3446,06073008373,4044.0,1214200.0,2642.0,175227.0,0.04908864207584962
206,250001.0,1782400.0,3501.0,4170,06073008374,4364.0,1214247.0,2605.0,175240.0,-0.007093522236388275
207,121607.0,876300.0,2986.0,4306,06073008375,4525.0,640000.0,2288.0,89492.0,0.0004919402525023764
208,120563.0,886000.0,2556.0,6335,06073008376,5237.0,640000.0,2288.0,89492.0,-0.011571790886727468
209,79444.0,596600.0,2702.0,1927,06073008377,2554.0,450600.0,2281.0,64324.0,0.08567085726479572
210,73750.0,1103700.0,3057.0,914,06073008378,966.0,450600.0,2281.0,64324.0,-0.1068524849111985
211,65625.0,467200.0,2662.0,4035,06073008379,4829.0,450600.0,2281.0,64324.0,0.18061555542327706
212,92583.0,948300.0,2890.0,6512,06073008380,5597.0,612400.0,2363.0,112525.0,0.07359544250639898
213,202833.0,897800.0,3501.0,3473,06073008381,4650.0,612400.0,2363.0,112525.0,-0.0021388854228023
214,131944.0,1019100.0,2554.0,5800,06073008501,5969.0,674100.0,2038.0,102500.0,0.009209271784901718
215,100387.0,873200.0,2290.0,6776,06073008502,7345.0,601500.0,1875.0,81214.0,0.0462479371184778
216,118141.0,1023900.0,2352.0,7714,06073008503,6933.0,613300.0,1742.0,85714.0,-0.06494290042870393
217,131429.0,887700.0,1894.0,5896,06073008504,6526.0,604600.0,1755.0,89115.0,0.036864513272733324
218,87178.0,873600.0,1966.0,5406,06073008505,6388.0,577700.0,1762.0,84966.0,0.11524963894265608
219,118633.0,819800.0,1978.0,4084,06073008506,4620.0,566500.0,1474.0,81146.0,-0.02256364052312579
220,87269.0,939200.0,2064.0,7252,06073008507,7812.0,573000.0,1667.0,85707.0,0.039861409174076504
221,115600.0,790800.0,2067.0,6491,06073008509,7369.0,579500.0,1564.0,82500.0,0.008789244361962309
222,79226.0,821800.0,1576.0,5732,06073008510,7083.0,504900.0,1529.0,62753.0,0.07554992530125175
223,132786.0,647200.0,2763.0,5362,06073008511,4989.0,425100.0,2254.0,85966.0,-0.07789082923707033
224,118224.0,901300.0,3489.0,4043,06073008512,4829.0,599500.0,2433.0,98782.0,0.04162625309745721
225,132500.0,863400.0,2806.0,2909,06073008513,2828.0,616500.0,2310.0,109583.0,0.040511860108246416
226,63924.0,566900.0,1936.0,6473,06073008600,7378.0,434900.0,1516.0,53958.0,0.07326765080214928
227,78516.0,593500.0,2242.0,3320,06073008701,3192.0,424200.0,1740.0,73770.0,0.05213297630490497
228,111025.0,738300.0,2416.0,5220,06073008702,5320.0,493600.0,1803.0,79853.0,-0.034433554983189923
229,76775.0,765200.0,1869.0,6269,06073008800,7217.0,562300.0,1504.0,60690.0,0.04721834389046476
230,95441.0,555000.0,2543.0,5604,06073008901,5686.0,387700.0,2142.0,79827.0,0.05702435528249682
231,104558.0,542700.0,3000.0,3485,06073008902,2231.0,365100.0,2116.0,82560.0,-0.07711358011128959
232,112292.0,793000.0,2071.0,4037,06073009000,4979.0,583700.0,1536.0,70788.0,0.010489017992729915
233,108873.0,1125000.0,2368.0,5334,06073009101,6153.0,805100.0,1981.0,114844.0,0.1303284140105696
234,75087.0,670600.0,1973.0,3923,06073009102,3660.0,487200.0,1646.0,53272.0,0.01179549783213639
235,153807.0,1190900.0,2538.0,4138,06073009103,4157.0,830200.0,1932.0,93500.0,-0.04549566371979866
236,147586.0,1141700.0,3238.0,2838,06073009104,3194.0,748900.0,1689.0,107366.0,-0.11583328372426943
237,75733.0,611100.0,2337.0,5066,06073009107,5095.0,454400.0,1780.0,69496.0,0.051980368073926836
238,88654.0,1068300.0,1774.0,2064,06073009108,2515.0,595900.0,1668.0,81250.0,0.06994518146809611
239,177500.0,,3050.0,3378,06073009109,2597.0,595900.0,1668.0,81250.0,
240,82727.0,860900.0,3410.0,5739,06073009201,5745.0,558700.0,2395.0,61535.0,-0.04491230597275371
241,128707.0,967500.0,3131.0,4302,06073009203,1606.0,632100.0,2366.0,100769.0,-0.1325637779252681
242,163877.0,901000.0,3501.0,4133,06073009204,5123.0,632100.0,2366.0,100769.0,-0.010922297286739088
243,106974.0,698500.0,2292.0,5304,06073009301,4935.0,544300.0,1734.0,70625.0,-0.04037864974099939
244,128674.0,810500.0,2947.0,5262,06073009305,4835.0,579311.0,2283.0,99355.0,-0.018788066163594352
245,136375.0,840300.0,2897.0,5746,06073009306,6308.0,565600.0,2186.0,89583.0,-0.04074008932271353
246,114604.0,516900.0,2741.0,4328,06073009307,4594.0,414800.0,2224.0,76026.0,0.01893234346641126
247,87995.0,468200.0,2763.0,4224,06073009308,4592.0,414800.0,2224.0,76026.0,0.09056218408440903
248,86774.0,,3501.0,4529,06073009400,4356.0,0.0,2336.0,47097.0,
249,137218.0,777600.0,2423.0,4133,06073009502,4216.0,550800.0,2063.0,91340.0,0.0036574053393137462
250,250001.0,1642000.0,3398.0,6178,06073009504,6455.0,1071700.0,2229.0,163472.0,-0.0333371809352932
251,111890.0,906300.0,2902.0,6159,06073009505,7124.0,660300.0,2227.0,119980.0,0.09781589563443557
252,154250.0,846400.0,3085.0,4582,06073009506,4681.0,595700.0,2322.0,126442.0,0.00524754673469735
253,113875.0,864400.0,2744.0,3934,06073009507,3873.0,639500.0,2126.0,94545.0,0.02747836483535139
254,105272.0,869800.0,3020.0,5744,06073009509,4725.0,672557.0,2300.0,85011.0,-0.027408329742723753
255,57759.0,,3460.0,4752,06073009510,5103.0,15948.0,2691.0,70856.0,
256,69087.0,,3501.0,4283,06073009511,4517.0,8637.0,2788.0,75654.0,
257,153575.0,795800.0,2763.0,4083,06073009602,4174.0,538000.0,1958.0,91653.0,-0.07419968720426795
258,70571.0,453700.0,2129.0,6270,06073009603,5544.0,294900.0,1614.0,66113.0,0.010981731452470975
259,90282.0,772700.0,1949.0,3212,06073009604,3628.0,589200.0,1512.0,86250.0,0.0965239682024306
260,132094.0,867200.0,2724.0,3595,06073009703,3494.0,603800.0,2181.0,98625.0,-0.007099337569335812
261,114712.0,851700.0,2654.0,6587,06073009704,5868.0,583100.0,1997.0,113617.0,0.024315427140602808
262,136742.0,940100.0,2165.0,3700,06073009705,4232.0,670700.0,1732.0,121116.0,0.08148970426965077
263,138617.0,1089200.0,2923.0,7197,06073009706,7880.0,735499.0,2297.0,117409.0,0.024150629997613665
264,130543.0,875800.0,2329.0,5070,06073009801,5194.0,582500.0,1858.0,93125.0,-0.01260205819272539
265,107429.0,809400.0,2200.0,7026,06073009802,6740.0,545137.0,1798.0,80794.0,0.0007361667564171892
266,148026.0,815100.0,3313.0,5792,06073009804,5286.0,571600.0,2556.0,104817.0,-0.031017383393229903
267,101644.0,826600.0,1864.0,4559,06073009805,5025.0,601500.0,1535.0,92396.0,0.09389036567809811
268,,,,1462,06073009901,763.0,0.0,0.0,0.0,
269,,,,0,06073009902,0.0,0.0,0.0,0.0,
270,101591.0,608500.0,2563.0,3948,06073010001,4991.0,419500.0,1820.0,78359.0,0.032432200954377655
271,98913.0,595900.0,2568.0,4972,06073010003,6081.0,426800.0,1390.0,80556.0,-0.04078253519740421
272,105074.0,583200.0,2680.0,5229,06073010004,5218.0,384300.0,2074.0,62250.0,-0.06677739180555498
273,35503.0,573100.0,1510.0,6443,06073010005,7803.0,370800.0,753.0,39439.0,0.025528830802100246
274,74063.0,605200.0,1517.0,5436,06073010009,6978.0,447700.0,1149.0,46788.0,0.05938825065576236
275,65000.0,375200.0,1751.0,4807,06073010010,5431.0,279900.0,1346.0,44609.0,0.03060958915362261
276,111429.0,618900.0,2151.0,4472,06073010011,4134.0,426200.0,1730.0,75350.0,-0.037156134404656246
277,86111.0,396900.0,1624.0,4605,06073010012,5199.0,320100.0,1400.0,47750.0,0.028095368057412536
278,69459.0,,1584.0,4845,06073010013,5670.0,302200.0,1122.0,43856.0,
279,129107.0,655500.0,1899.0,4646,06073010015,3821.0,543500.0,1740.0,99083.0,0.045730484340821095
280,,,,3217,06073010016,4985.0,519300.0,2061.0,91846.0,
281,108042.0,685700.0,2932.0,6581,06073010017,5278.0,519300.0,2061.0,91846.0,-0.031030262072968634
282,139643.0,676100.0,2504.0,6695,06073010018,5896.0,519300.0,2061.0,91846.0,-0.020900143992551398
283,131316.0,853500.0,3184.0,3568,06073010019,2695.0,519300.0,2061.0,91846.0,-0.14941853542851957
284,57500.0,553200.0,1861.0,6592,06073010103,6183.0,0.0,1426.0,46354.0,-0.0390791172681268
285,103315.0,657600.0,2662.0,3203,06073010104,3624.0,446500.0,1992.0,61801.0,-0.04046644343240047
286,50833.0,398600.0,1344.0,4704,06073010106,5810.0,272500.0,1057.0,45417.0,0.07377068933802822
287,85875.0,590900.0,2018.0,5928,06073010107,7188.0,330100.0,1558.0,64386.0,-0.006931933057612118
288,104630.0,563200.0,2431.0,4824,06073010109,5341.0,408600.0,1578.0,74118.0,-0.04111745663885815
289,68333.0,609700.0,1729.0,7368,06073010110,7871.0,396100.0,1149.0,55996.0,-0.010425603782211669
290,59561.0,522700.0,1726.0,3614,06073010111,3235.0,361818.0,1315.0,46722.0,-0.006369349826816015
291,57083.0,436500.0,1970.0,5241,06073010112,5683.0,255200.0,1615.0,43193.0,0.03733834695255299
292,108250.0,954400.0,2291.0,3562,06073010201,3566.0,644499.0,1712.0,65737.0,-0.06790934235004732
293,103247.0,795900.0,2274.0,3473,06073010202,3589.0,644500.0,1712.0,65737.0,0.001026420050321955
294,77722.0,855400.0,1882.0,4240,06073010300,4485.0,549200.0,1518.0,61131.0,-0.0015070207722281612
295,70609.0,702100.0,1869.0,2150,06073010401,2604.0,464755.0,1429.0,51775.0,0.005056593284998179
296,59227.0,611900.0,1860.0,5442,06073010402,6265.0,456529.0,1396.0,47540.0,0.06092697287506999
297,118634.0,890900.0,3014.0,1288,06073010501,1547.0,597000.0,1574.0,71500.0,-0.19016552882399373
298,65351.0,488500.0,1779.0,5742,06073010502,5493.0,496400.0,1364.0,47129.0,0.08344767523701838
299,202692.0,1612600.0,3501.0,1981,06073010601,2153.0,1133600.0,3501.0,130457.0,-0.004455514168842392
300,132000.0,2000001.0,2474.0,2474,06073010800,2736.0,1942300.0,2104.0,101775.0,0.03801305002128322
301,179063.0,2000001.0,3501.0,1581,06073010900,2224.0,2000001.0,2416.0,119313.0,-0.020710130190044532
302,97237.0,2000001.0,3181.0,2787,06073011000,3567.0,1622800.0,2728.0,102578.0,0.1369369406768748
303,127050.0,1922800.0,2357.0,3531,06073011100,4807.0,1540100.0,2120.0,110602.0,0.14713389574402858
304,155114.0,,2618.0,2386,06073011300,2467.0,0.0,3357.0,137083.0,
305,69542.0,771600.0,1472.0,5796,06073011601,5470.0,410000.0,1144.0,35688.0,-0.11369349788045469
306,57303.0,432100.0,1577.0,3671,06073011602,3907.0,372190.0,1237.0,42754.0,0.055073902834724846
307,56045.0,583800.0,1568.0,7376,06073011700,6078.0,429900.0,963.0,31609.0,-0.02652818857421606
308,61146.0,568200.0,1382.0,3278,06073011801,4169.0,382400.0,1072.0,47668.0,0.07280517508550242
309,57273.0,560100.0,1772.0,7161,06073011802,7381.0,379300.0,1225.0,44624.0,-0.002315389132480687
310,76685.0,592300.0,2308.0,6135,06073011902,5675.0,400107.0,2075.0,73926.0,0.07539457170160138
311,38973.0,628200.0,1290.0,3319,06073012002,3548.0,395200.0,870.0,27101.0,-0.010528205236403734
312,93438.0,570100.0,1541.0,2899,06073012003,3336.0,432100.0,1304.0,73421.0,0.08755824531507433
313,93824.0,636600.0,1329.0,2193,06073012101,2104.0,442000.0,1023.0,45688.0,-0.07488969912020688
314,70125.0,564400.0,1700.0,2753,06073012102,3385.0,364300.0,1257.0,52321.0,0.032130391147383836
315,60500.0,564300.0,1796.0,3355,06073012200,3657.0,337100.0,1383.0,52557.0,0.025683925666365036
316,44750.0,537500.0,1720.0,1533,06073012302,1866.0,410905.0,1109.0,28492.0,0.010662603092368796
317,75024.0,691400.0,2192.0,3847,06073012303,3242.0,569600.0,1622.0,64231.0,0.010619667051973217
318,90300.0,784400.0,2255.0,4427,06073012304,3696.0,483800.0,1539.0,75508.0,-0.09934568029913006
319,81538.0,422400.0,1755.0,3151,06073012401,3532.0,368600.0,1203.0,49077.0,-0.002737803594802808
320,64018.0,561300.0,1707.0,5448,06073012402,5107.0,411700.0,1320.0,50804.0,0.0210698467524865
321,43125.0,37000.0,1631.0,3980,06073012501,3283.0,24000.0,1271.0,31554.0,-0.026302915547391902
322,65625.0,,1791.0,4830,06073012502,4330.0,0.0,1260.0,45941.0,
323,78017.0,567700.0,1809.0,4700,06073012600,4798.0,429800.0,1440.0,52423.0,0.024951447976836974
324,67961.0,568300.0,1725.0,4882,06073012700,4710.0,445200.0,1190.0,42421.0,-0.005760089695265928
325,84185.0,640200.0,1802.0,3797,06073012800,4406.0,456800.0,1194.0,66676.0,0.021965384267022752
326,103438.0,640300.0,2590.0,3741,06073012900,3471.0,466200.0,1897.0,84960.0,-0.0010369640226270127
327,72700.0,627400.0,1962.0,5526,06073013000,6061.0,449400.0,1446.0,60208.0,0.030013121445637066
328,64619.0,589300.0,2096.0,6868,06073013102,6385.0,420000.0,1531.0,56464.0,0.006253292856790826
329,73333.0,,2165.0,2485,06073013103,2506.0,0.0,1589.0,48603.0,
330,54750.0,688400.0,1791.0,5718,06073013104,6473.0,443000.0,1456.0,52222.0,0.04758773296612654
331,52014.0,674100.0,1642.0,6020,06073013203,5992.0,375500.0,1166.0,36383.0,-0.0701441921739707
332,61852.0,,1809.0,4522,06073013204,3970.0,77100.0,1363.0,40987.0,
333,61786.0,87900.0,1754.0,2182,06073013205,2431.0,73200.0,1437.0,52375.0,0.057459755954824915
334,52622.0,217100.0,1622.0,5999,06073013206,7185.0,110300.0,1212.0,42518.0,0.046404499895154244
335,106645.0,663100.0,2461.0,4860,06073013301,5205.0,454800.0,1853.0,73977.0,-0.01875357747068554
336,100772.0,644700.0,2163.0,7029,06073013302,4773.0,459300.0,1784.0,65278.0,-0.08433400272617972
337,71750.0,459700.0,2005.0,4593,06073013303,5111.0,378800.0,1610.0,59637.0,0.07344443225140687
338,86563.0,636200.0,2157.0,4066,06073013306,4517.0,426000.0,1811.0,74154.0,0.06795865307960308
339,80156.0,596000.0,2068.0,4538,06073013307,4780.0,427000.0,1788.0,88795.0,0.14554883227083182
340,95725.0,462100.0,1863.0,3885,06073013308,3669.0,291400.0,1637.0,65893.0,0.008623663739197457
341,140882.0,690200.0,2718.0,7211,06073013309,6565.0,520000.0,2230.0,94643.0,-0.011983345222847233
342,97188.0,531300.0,2262.0,2794,06073013312,2549.0,353800.0,1770.0,71719.0,-0.0048523383163947345
343,139476.0,738700.0,2466.0,3893,06073013315,3999.0,536900.0,2539.0,102118.0,0.07845546308994411
344,141364.0,675000.0,3039.0,7733,06073013316,7838.0,538541.0,2534.0,101957.0,0.03763859682508516
345,139464.0,745100.0,2829.0,16919,06073013317,5998.0,508000.0,2357.0,120247.0,-0.004719252859884865
346,151302.0,663800.0,2854.0,7687,06073013318,13691.0,508000.0,2357.0,120247.0,0.05934313683750558
347,145256.0,745200.0,2756.0,8534,06073013319,5802.0,564800.0,2400.0,120786.0,0.01842057201479906
348,123000.0,693500.0,3103.0,6850,06073013320,7293.0,564800.0,2400.0,120786.0,0.09489905765730726
349,148068.0,767000.0,2682.0,8375,06073013321,9253.0,564800.0,2400.0,120786.0,0.07123845579539859
350,166563.0,940900.0,2947.0,4594,06073013322,5014.0,569200.0,2306.0,97956.0,-0.06541804693876258
351,167715.0,756700.0,2255.0,7172,06073013323,6524.0,569066.0,2308.0,97977.0,0.0446091359990073
352,125244.0,663500.0,3017.0,2349,06073013324,2787.0,569200.0,2306.0,97956.0,0.07376435083470831
353,82529.0,741000.0,2833.0,5764,06073013325,5574.0,569200.0,2306.0,97956.0,0.1302600906954134
354,179425.0,1019000.0,2772.0,3860,06073013326,4915.0,567372.0,2248.0,97327.0,-0.03920604191963961
355,144328.0,863800.0,2359.0,5851,06073013327,5771.0,569200.0,2306.0,97956.0,0.01955587145608567
356,134358.0,740300.0,3010.0,4670,06073013401,4374.0,481200.0,1958.0,79053.0,-0.14885837734490504
357,108590.0,712400.0,2425.0,6105,06073013409,5421.0,530600.0,2037.0,89708.0,0.026359310500185293
358,158802.0,955000.0,3167.0,4838,06073013411,5160.0,668400.0,2384.0,99974.0,-0.026129874908786876
359,119348.0,827200.0,2480.0,5177,06073013412,4691.0,609900.0,1861.0,103981.0,0.00870181612435228
360,143600.0,740900.0,,7570,06073013414,7428.0,561500.0,2427.0,111132.0,
361,160804.0,681100.0,2509.0,1497,06073013415,1302.0,458100.0,2147.0,103587.0,-0.012463031481845688
362,122210.0,728900.0,2718.0,4411,06073013416,4261.0,563300.0,2125.0,99167.0,0.02667103232791465
363,152700.0,875400.0,3501.0,2140,06073013417,2071.0,614300.0,3107.0,135577.0,0.02496787581813733
364,82440.0,701400.0,2685.0,5874,06073013418,6702.0,438291.0,1792.0,86790.0,0.01304396542376629
365,127222.0,742500.0,2874.0,3202,06073013420,3468.0,534500.0,2223.0,92813.0,0.008275966525630216
366,145000.0,878200.0,2704.0,4133,06073013421,4488.0,564000.0,2387.0,97548.0,-0.002517171418565653
367,149167.0,929400.0,,4213,06073013422,3683.0,648800.0,1900.0,119016.0,
368,144375.0,782500.0,2737.0,3315,06073013423,4018.0,648800.0,1900.0,119016.0,0.07337841406871876
369,160263.0,820500.0,3112.0,6647,06073013424,6418.0,612733.0,2447.0,118473.0,0.01005289772917925
370,188339.0,1222000.0,,1987,06073013425,2454.0,613300.0,2449.0,118579.0,
371,99470.0,660600.0,2154.0,5992,06073013503,6265.0,497400.0,1432.0,64089.0,-0.051086704410987366
372,138304.0,669300.0,2287.0,3991,06073013504,3789.0,521600.0,2239.0,101094.0,0.07772038630770135
373,122422.0,613400.0,2344.0,5948,06073013505,5676.0,434500.0,1782.0,73421.0,-0.07261254251505857
374,102031.0,,1740.0,4330,06073013506,4103.0,353800.0,1722.0,71000.0,
375,114656.0,814000.0,1887.0,5475,06073013601,5799.0,608300.0,1386.0,93015.0,0.034586209805094345
376,103606.0,829900.0,2568.0,6097,06073013604,6636.0,590900.0,1980.0,90139.0,0.04589357369108912
377,157344.0,937500.0,3021.0,6286,06073013605,6227.0,650500.0,1800.0,118750.0,-0.08276545311849709
378,80885.0,743600.0,2355.0,2301,06073013607,2539.0,482200.0,1826.0,77708.0,0.042141787942735
379,84926.0,666000.0,2329.0,3881,06073013608,3941.0,482200.0,1826.0,77708.0,0.058706725048392416
380,120464.0,833100.0,1707.0,2393,06073013701,2433.0,622700.0,1177.0,91979.0,0.010795769867607708
381,92566.0,723100.0,1921.0,5417,06073013702,5528.0,489500.0,1577.0,64022.0,-0.01431096339650803
382,82404.0,694300.0,1715.0,5522,06073013801,4946.0,458800.0,1210.0,68484.0,-0.036345355403038626
383,79583.0,422600.0,2094.0,3261,06073013802,3523.0,268000.0,1552.0,54077.0,-0.0066105848022466815
384,128289.0,670900.0,2963.0,3928,06073013903,4299.0,438900.0,2458.0,74750.0,-0.044083897284418694
385,127019.0,638200.0,3208.0,4748,06073013905,3897.0,479099.0,2464.0,87297.0,-0.0582783409413903
386,70833.0,489000.0,1660.0,5022,06073013906,5291.0,394100.0,1239.0,53409.0,0.04707006572440535
387,59621.0,504700.0,1531.0,3718,06073013907,4670.0,438700.0,1191.0,49299.0,0.13404792255270948
388,87188.0,592200.0,1711.0,4133,06073013908,4120.0,415500.0,1308.0,70250.0,0.02208661422162435
389,96767.0,603900.0,1461.0,4872,06073013909,5068.0,387300.0,1381.0,64500.0,0.007201660604635757
390,78529.0,663100.0,2090.0,5064,06073014001,4500.0,449700.0,1383.0,63638.0,-0.07577870715336082
391,77500.0,634400.0,1736.0,4132,06073014002,5051.0,450200.0,1125.0,86302.0,0.11729619988873463
392,98750.0,582600.0,2208.0,4050,06073014101,3370.0,419800.0,1410.0,69306.0,-0.1018874361688305
393,103617.0,674700.0,2156.0,3368,06073014102,4198.0,426800.0,1318.0,64330.0,-0.09063514608794881
394,104693.0,681000.0,1966.0,7177,06073014200,6670.0,438753.0,1544.0,80523.0,-0.0350596909463531
395,87547.0,627300.0,1779.0,4510,06073014300,4131.0,395200.0,1383.0,63304.0,-0.06418619383380433
396,46250.0,409100.0,1599.0,4439,06073014400,4412.0,340700.0,1264.0,34882.0,0.028122912540107334
397,81058.0,703600.0,1950.0,4019,06073014500,3880.0,463100.0,1447.0,67946.0,-0.018579635176706882
398,71667.0,687800.0,1520.0,4899,06073014601,4854.0,523700.0,1182.0,46145.0,0.004274042246016324
399,126628.0,922900.0,2384.0,5300,06073014602,5445.0,635400.0,1637.0,92375.0,-0.05142424384993806
400,97788.0,676200.0,1711.0,3698,06073014701,4026.0,506300.0,1514.0,73459.0,0.08112566696213214
401,115790.0,714100.0,2325.0,4251,06073014702,4106.0,508126.0,1514.0,72701.0,-0.10796541068387909
402,72500.0,661400.0,1898.0,4464,06073014803,4818.0,549400.0,1559.0,56484.0,0.07970555036243682
403,82625.0,816500.0,1767.0,4281,06073014804,4111.0,465500.0,1277.0,56865.0,-0.08857510603233909
404,94479.0,606000.0,2232.0,5170,06073014805,4358.0,367809.0,1699.0,65434.0,-0.09957262392214998
405,64075.0,493300.0,1678.0,3166,06073014806,2778.0,362500.0,1218.0,52461.0,0.01231534222211169
406,82240.0,876500.0,2130.0,4854,06073014901,4086.0,681700.0,1577.0,54989.0,-0.06018563623240608
407,72500.0,761700.0,1583.0,3004,06073014902,3176.0,493300.0,1210.0,70357.0,0.04571010583087674
408,79883.0,740400.0,2198.0,4466,06073015001,4968.0,559900.0,1830.0,59862.0,0.06344066594630549
409,59313.0,552400.0,2384.0,2876,06073015002,2360.0,559900.0,1830.0,59862.0,0.12475117845769987
410,99000.0,659500.0,2223.0,4937,06073015100,4879.0,525733.0,1823.0,79363.0,0.06295362267850414
411,154196.0,1055100.0,,3955,06073015200,3773.0,688100.0,2515.0,119211.0,
412,61282.0,603400.0,1935.0,3591,06073015301,3560.0,414000.0,1315.0,59643.0,-0.004569722239594759
413,115575.0,754200.0,2187.0,4448,06073015302,4477.0,571100.0,2142.0,107443.0,0.13972759642525495
414,156635.0,1036000.0,2281.0,2700,06073015403,2619.0,746800.0,1865.0,129318.0,0.04192461169650111
415,137048.0,814900.0,1760.0,5653,06073015405,5569.0,593700.0,1527.0,108636.0,0.052543753241928184
416,153583.0,978400.0,2712.0,2628,06073015406,2468.0,784100.0,2228.0,142847.0,0.05204447003080259
417,46267.0,599000.0,1895.0,3627,06073015407,4267.0,472900.0,1420.0,62316.0,0.13925840517004007
418,99673.0,705800.0,2069.0,4107,06073015408,3564.0,472900.0,1420.0,62316.0,-0.12283593254607109
419,111364.0,669000.0,1625.0,5591,06073015501,5180.0,441700.0,1624.0,84013.0,0.03447900007419899
420,127120.0,750000.0,3501.0,3033,06073015502,2893.0,580959.0,1745.0,102712.0,-0.08051191735079957
421,63974.0,547700.0,1758.0,5912,06073015601,6043.0,384900.0,1238.0,65078.0,0.04834004468799641
422,152917.0,913200.0,,2756,06073015602,2432.0,637900.0,2266.0,114306.0,
423,42750.0,,1689.0,6362,06073015701,5966.0,18100.0,1211.0,37781.0,
424,47750.0,385500.0,1913.0,4730,06073015704,3936.0,342000.0,1363.0,50580.0,-0.028563052248594574
425,60256.0,,1835.0,4270,06073015705,4572.0,64400.0,1244.0,27004.0,
426,33640.0,79000.0,1724.0,2551,06073015706,2574.0,64400.0,1244.0,27004.0,0.007753441682789623
427,52212.0,493400.0,1630.0,3657,06073015801,3544.0,400000.0,1183.0,36625.0,0.023545381573460138
428,62292.0,620700.0,1830.0,4276,06073015802,4877.0,365100.0,1365.0,54830.0,0.007411732065989284
429,45690.0,,1677.0,3751,06073015901,4037.0,0.0,1314.0,42348.0,
430,45921.0,595300.0,1722.0,5435,06073015902,5178.0,430300.0,1227.0,53458.0,0.04110713770967395
431,100547.0,851800.0,1747.0,2365,06073016000,2284.0,566133.0,1383.0,75903.0,-0.004807666150957984
432,108175.0,718800.0,1970.0,6412,06073016100,6354.0,544889.0,1926.0,95100.0,0.12367914079573601
433,142697.0,911800.0,2063.0,5444,06073016201,5382.0,616400.0,1391.0,97594.0,-0.07170779048505457
434,68813.0,379800.0,1885.0,3923,06073016202,3868.0,282600.0,1361.0,63342.0,0.015041925141229227
435,64446.0,541300.0,1615.0,4886,06073016301,5338.0,340200.0,1297.0,43458.0,0.01892217214695742
436,56154.0,560500.0,1825.0,5784,06073016302,5865.0,416900.0,1271.0,41185.0,0.00618826135128939
437,110076.0,624800.0,1964.0,5410,06073016401,5340.0,458000.0,1560.0,80272.0,0.008462920387869707
438,81083.0,734600.0,1834.0,5428,06073016403,4871.0,495700.0,1394.0,50417.0,-0.07170114539620864
439,46737.0,625000.0,1598.0,4092,06073016404,3533.0,495700.0,1394.0,50417.0,0.07289278380496159
440,66701.0,605900.0,1759.0,8034,06073016502,7635.0,428800.0,1441.0,59230.0,0.05711392739859577
441,97955.0,422100.0,2327.0,2934,06073016503,3481.0,313800.0,1570.0,71975.0,-0.012788486714104833
442,59129.0,,1920.0,6734,06073016504,6856.0,246000.0,1480.0,46440.0,
443,126731.0,710800.0,2540.0,3634,06073016606,3575.0,444100.0,1801.0,105350.0,-0.0421451240154266
444,141229.0,721300.0,2358.0,7054,06073016607,7432.0,481900.0,1838.0,90058.0,-0.03958231058794351
445,133092.0,707500.0,3225.0,2646,06073016608,2737.0,521400.0,2721.0,114044.0,0.05241081907337977
446,122873.0,638200.0,2551.0,5935,06073016609,5467.0,461500.0,1851.0,105481.0,0.00600333880869898
447,84407.0,639600.0,1933.0,4560,06073016610,4082.0,446500.0,1781.0,85457.0,0.08295836168881626
448,116667.0,701200.0,2037.0,1939,06073016613,1881.0,468400.0,1700.0,103935.0,0.052797420770753396
449,116658.0,636800.0,2375.0,3874,06073016614,3987.0,461800.0,1773.0,106250.0,0.05556016606902095
450,131500.0,657700.0,2539.0,4151,06073016615,4488.0,460600.0,2052.0,99750.0,0.0332246865805394
451,75469.0,676600.0,1979.0,3669,06073016616,4441.0,491700.0,1827.0,82835.0,0.18799791593644002
452,46667.0,357200.0,1826.0,3705,06073016617,3453.0,220300.0,1493.0,58661.0,0.0567290994370039
453,100000.0,531600.0,1882.0,3592,06073016618,3675.0,310100.0,1581.0,64759.0,-0.016295887695198602
454,83976.0,412000.0,1784.0,4508,06073016619,4155.0,310100.0,1581.0,64759.0,0.028207309683396912
455,100000.0,715000.0,2722.0,2441,06073016620,2497.0,479300.0,2120.0,97122.0,0.05161598372034093
456,140250.0,747000.0,2857.0,4064,06073016621,3439.0,479300.0,2120.0,97122.0,-0.09849324171097655
457,107202.0,642900.0,2213.0,2986,06073016703,2692.0,471000.0,1632.0,87440.0,0.012668560891222924
458,116711.0,714300.0,2416.0,7549,06073016704,6816.0,471000.0,1632.0,87440.0,-0.0767548270382671
459,63523.0,522300.0,1787.0,4893,06073016705,5476.0,419800.0,1348.0,63357.0,0.09860268769035146
460,82200.0,635700.0,1824.0,2870,06073016706,3041.0,419800.0,1348.0,63357.0,-0.017606724680913947
461,85321.0,549500.0,1903.0,8903,06073016804,7501.0,438300.0,1316.0,72096.0,0.031581595815269856
462,83060.0,523100.0,2018.0,4172,06073016806,4856.0,350400.0,1407.0,61696.0,-0.0047601595357271015
463,116955.0,608600.0,1149.0,8221,06073016807,7615.0,454000.0,1379.0,86176.0,0.062286285118272854
464,82206.0,601500.0,2254.0,5539,06073016809,5625.0,463000.0,1845.0,86964.0,0.14234337001707223
465,145268.0,747200.0,2485.0,2980,06073016810,3022.0,494800.0,2100.0,90862.0,-0.03448861803527626
466,120107.0,660600.0,2352.0,4770,06073016811,4818.0,418900.0,2590.0,84441.0,0.03199667286116822
467,79861.0,500000.0,1755.0,2793,06073016812,3515.0,431200.0,1487.0,77566.0,0.1691273858961819
468,102813.0,524300.0,2271.0,3287,06073016813,3698.0,431200.0,1487.0,77566.0,0.014312751646390592
469,119669.0,765200.0,2164.0,7227,06073016901,7427.0,548500.0,1787.0,97340.0,0.0514074660050738
470,116250.0,760200.0,1750.0,2395,06073016902,2841.0,504600.0,1963.0,98125.0,0.1615504170971751
471,170500.0,1190800.0,2388.0,3214,06073017006,2957.0,791500.0,1679.0,151000.0,-0.03927572943600453
472,98403.0,794200.0,2309.0,4071,06073017009,4857.0,516700.0,1715.0,88235.0,0.053769185232486
473,201875.0,942900.0,3229.0,3057,06073017010,3275.0,639500.0,1426.0,134318.0,-0.17050742637122662
474,82549.0,669300.0,2718.0,2612,06073017014,2553.0,505100.0,1903.0,62052.0,-0.012498542109939389
475,99048.0,488700.0,2172.0,4273,06073017018,4087.0,332200.0,1541.0,62917.0,-0.07641138847891724
476,175114.0,1200900.0,3280.0,4097,06073017020,3675.0,879300.0,2642.0,143567.0,-0.012220481505688358
477,201450.0,1201100.0,,3228,06073017021,3368.0,891900.0,2295.0,155227.0,
478,129265.0,853100.0,3060.0,5545,06073017022,5469.0,615200.0,2201.0,98281.0,-0.0180366085948985
479,151125.0,722300.0,2828.0,3451,06073017031,4170.0,547800.0,2115.0,105391.0,0.04050820424484809
480,170805.0,1110200.0,3432.0,5723,06073017033,4936.0,776700.0,2235.0,144531.0,-0.06122253108109385
481,117382.0,919000.0,2604.0,5775,06073017034,5054.0,652000.0,1998.0,118750.0,0.02439885878138698
482,129861.0,1006500.0,2455.0,3406,06073017035,3505.0,669500.0,1739.0,82708.0,-0.08365939119900978
483,129979.0,820400.0,2644.0,2993,06073017036,3606.0,568600.0,2134.0,115174.0,0.07258733521680448
484,125909.0,1043100.0,2430.0,5400,06073017037,5575.0,736900.0,2060.0,106141.0,0.059703413982237274
485,123836.0,968100.0,2703.0,6693,06073017039,7364.0,657800.0,2198.0,116250.0,0.05853262812787771
486,150208.0,883200.0,3500.0,4391,06073017040,4488.0,659800.0,2410.0,127250.0,0.0181859811175292
487,141361.0,882200.0,2447.0,5697,06073017041,5923.0,572500.0,1802.0,102847.0,-0.03845928475739288
488,192895.0,879100.0,2893.0,5963,06073017043,6780.0,771900.0,2329.0,135924.0,0.058595276156247184
489,197917.0,1091200.0,3079.0,5584,06073017044,5826.0,761800.0,2686.0,153854.0,0.026975890559993138
490,228250.0,1268300.0,3501.0,2276,06073017045,2686.0,897900.0,3501.0,156033.0,0.019958091551974935
491,174526.0,1133900.0,3501.0,3858,06073017046,4037.0,801200.0,2667.0,140583.0,0.011982577052465498
492,180729.0,1122300.0,3501.0,4500,06073017047,3971.0,797600.0,2667.0,150924.0,-0.03576707643146387
493,98036.0,741000.0,1953.0,6281,06073017048,6758.0,517500.0,1384.0,67698.0,-0.03881552962480096
494,107917.0,812500.0,1750.0,2793,06073017049,3364.0,572800.0,1457.0,108462.0,0.12405942602603863
495,108424.0,947900.0,1758.0,2958,06073017050,3104.0,589300.0,1258.0,63750.0,-0.0940462534496767
496,129468.0,794100.0,2681.0,4813,06073017051,5188.0,545500.0,2419.0,106161.0,0.07463363825592784
497,126588.0,897200.0,2859.0,4921,06073017052,5277.0,605500.0,2003.0,103336.0,-0.006975683411963279
498,210104.0,1299700.0,3501.0,3687,06073017053,3305.0,1021400.0,3501.0,155208.0,-0.015320798559976832
499,159044.0,1026000.0,2284.0,5839,06073017054,5731.0,758700.0,1938.0,101875.0,0.007349925109877697
500,159434.0,978800.0,3070.0,5037,06073017055,5453.0,649100.0,2293.0,124702.0,-0.0028874328894390455
501,111167.0,857500.0,2813.0,4321,06073017056,4486.0,595700.0,2125.0,112609.0,0.05606367806944765
502,173750.0,1031800.0,2429.0,3831,06073017057,3629.0,605700.0,1845.0,90511.0,-0.11619385074508579
503,139076.0,791900.0,2388.0,4284,06073017058,4127.0,605700.0,1845.0,90511.0,-0.013837982088736989
504,89516.0,771400.0,2538.0,3498,06073017059,3853.0,640200.0,1911.0,84388.0,0.10582677041848794
505,121205.0,925800.0,2405.0,3222,06073017060,2820.0,640200.0,1911.0,84388.0,-0.03309289392282125
506,160126.0,2000001.0,3501.0,3335,06073017061,3175.0,1390586.0,2409.0,186110.0,-0.008379341187060907
507,246078.0,2000001.0,3501.0,4976,06073017062,5373.0,1390700.0,2409.0,186116.0,-0.011247296584037864
508,121015.0,945500.0,2483.0,4346,06073017063,6879.0,822100.0,1593.0,139233.0,0.13525695644261865
509,208167.0,1145700.0,3501.0,8518,06073017064,8708.0,822100.0,1593.0,139233.0,-0.1531156601786338
510,192317.0,1230600.0,1660.0,10060,06073017065,3024.0,822100.0,1593.0,139233.0,-0.14130462374239885
511,197794.0,1244100.0,2270.0,5405,06073017066,6736.0,822100.0,1593.0,139233.0,-0.001175283171093694
512,223977.0,1096800.0,,2894,06073017067,3321.0,779800.0,2340.0,130477.0,
513,145313.0,999500.0,2853.0,4736,06073017068,4842.0,779800.0,2340.0,130477.0,0.050669527028902484
514,186625.0,927300.0,2617.0,2337,06073017069,2789.0,783900.0,2355.0,150203.0,0.0882266364565322
515,195865.0,1392900.0,2698.0,5322,06073017070,6737.0,783900.0,2355.0,150203.0,0.05514686854963288
516,194196.0,1126300.0,3041.0,5485,06073017071,5835.0,783900.0,2355.0,150203.0,0.00908168228484782
517,136468.0,1372200.0,2605.0,3748,06073017104,3906.0,817500.0,2180.0,126765.0,0.04477182221846926
518,242625.0,2000001.0,3501.0,4331,06073017106,4538.0,2000001.0,3100.0,135990.0,-0.007851443823895465
519,199063.0,1247000.0,3501.0,3146,06073017107,2874.0,861100.0,3501.0,180417.0,0.004456531050601793
520,165893.0,1131500.0,2965.0,4336,06073017108,4859.0,801500.0,2631.0,140394.0,0.060121023548182634
521,237402.0,1560000.0,2739.0,6400,06073017109,7119.0,1064946.0,2213.0,191941.0,0.02336428229520099
522,195667.0,2000001.0,3501.0,4321,06073017111,4399.0,1292477.0,1696.0,151489.0,-0.13324486579000955
523,201667.0,1357800.0,,2268,06073017112,2676.0,1294100.0,1695.0,151205.0,
524,125595.0,1219000.0,2250.0,5544,06073017113,4827.0,1294100.0,1695.0,151205.0,0.03946541286046401
525,193348.0,2000001.0,3355.0,2266,06073017201,2113.0,2000001.0,2320.0,128281.0,-0.031191388821890063
526,179018.0,2000001.0,3421.0,1655,06073017202,2186.0,2000001.0,2320.0,128281.0,-0.01217192198025953
527,119558.0,2000001.0,2906.0,3582,06073017303,2932.0,1881500.0,2536.0,182292.0,0.07962301109032144
528,168889.0,1670800.0,3309.0,3344,06073017305,3250.0,1085300.0,2429.0,114972.0,-0.03302021971600574
529,224514.0,1971800.0,3501.0,2564,06073017306,2439.0,1397500.0,2417.0,131818.0,-0.04038154396204765
530,143417.0,1613600.0,3501.0,2158,06073017307,2570.0,1246127.0,2159.0,87699.0,-0.0859463764350886
531,113239.0,1572100.0,2815.0,2288,06073017308,3415.0,1245300.0,2159.0,87667.0,0.05221902316794397
532,151518.0,1255700.0,2948.0,4339,06073017403,5345.0,884400.0,2534.0,150368.0,0.0988184565327308
533,138403.0,980100.0,2905.0,4446,06073017405,3888.0,894100.0,1774.0,95465.0,-0.10108873567430321
534,161331.0,1730500.0,2531.0,2929,06073017406,3211.0,894100.0,1774.0,95465.0,-0.07970558233985062
535,192468.0,2000001.0,3501.0,3282,06073017407,3262.0,1495100.0,2531.0,119855.0,-0.03960345816297446
536,119028.0,1942600.0,2921.0,2530,06073017408,2424.0,1495100.0,2531.0,119855.0,0.07860570509171144
537,145357.0,1763900.0,3031.0,2750,06073017501,2863.0,1013500.0,2009.0,108977.0,-0.0446876042978146
538,118611.0,1276300.0,2594.0,3371,06073017502,3713.0,907100.0,1843.0,96953.0,0.009200646863356601
539,171310.0,1471000.0,3501.0,5221,06073017601,5584.0,1115400.0,2114.0,116409.0,-0.05778267690248029
540,182361.0,1650500.0,3114.0,2941,06073017603,2608.0,900000.0,2927.0,123542.0,-0.011510426726669944
541,135797.0,2000001.0,2422.0,3745,06073017605,3582.0,912800.0,1843.0,72532.0,-0.11590740987135828
542,97412.0,869200.0,2413.0,3600,06073017606,3859.0,912800.0,1843.0,72532.0,0.07188023069386715
543,124833.0,1225900.0,2403.0,5706,06073017701,5141.0,1148200.0,1751.0,91667.0,-0.040895321822406516
544,144559.0,1753000.0,2879.0,3264,06073017702,3627.0,958000.0,1934.0,107083.0,-0.025882896044247254
545,115711.0,1133100.0,2379.0,7195,06073017801,6842.0,771500.0,1923.0,85500.0,-0.010240930605458914
546,158922.0,1302600.0,3501.0,5802,06073017808,6482.0,953200.0,3501.0,150347.0,0.04973418272072613
547,114500.0,1171500.0,2365.0,2479,06073017809,2214.0,820300.0,2500.0,87083.0,0.07297588558132523
548,145188.0,1169200.0,2430.0,4983,06073017810,4578.0,796100.0,2122.0,114141.0,0.0027099728894014463
549,167287.0,968200.0,3129.0,6590,06073017811,6665.0,679900.0,2380.0,111852.0,-0.023847397030018896
550,132299.0,1159900.0,3501.0,4551,06073017813,4018.0,891500.0,1832.0,109189.0,-0.11129996328849745
551,72901.0,1095000.0,2061.0,3956,06073017901,4007.0,667952.0,1759.0,66115.0,0.05327427137873358
552,72863.0,889400.0,2397.0,2869,06073017902,3093.0,668100.0,1759.0,66115.0,0.04271350833016724
553,96103.0,1359400.0,2483.0,3451,06073018000,3258.0,1179000.0,1836.0,89028.0,0.026117365775285374
554,116215.0,818800.0,2558.0,3416,06073018101,3564.0,572300.0,1641.0,66250.0,-0.12464461939261695
555,87976.0,1151400.0,1767.0,2525,06073018102,2548.0,572300.0,1641.0,66250.0,-0.010662737712310369
556,75707.0,1032000.0,1806.0,3024,06073018201,2972.0,690100.0,1377.0,50881.0,-0.025154117561596627
557,82875.0,1169000.0,1965.0,3520,06073018202,3782.0,690100.0,1377.0,50881.0,-0.07717841773093789
558,72230.0,1000000.0,2214.0,889,06073018301,996.0,791700.0,1711.0,86292.0,0.11495792894500308
559,67955.0,933800.0,1824.0,1263,06073018302,1123.0,791700.0,1711.0,86292.0,0.19492790405484192
560,80844.0,806900.0,1852.0,3497,06073018400,3399.0,576700.0,1381.0,47867.0,-0.046270796330147
561,82279.0,1064500.0,1874.0,6775,06073018504,6595.0,711400.0,1801.0,90263.0,0.1375603888887008
562,61343.0,625000.0,1791.0,5242,06073018509,5454.0,490700.0,1389.0,47875.0,0.056721123143332476
563,56071.0,670400.0,1790.0,2733,06073018510,2816.0,444800.0,2037.0,73824.0,0.2056307065174534
564,75356.0,695300.0,1830.0,4394,06073018511,5502.0,496900.0,1423.0,51420.0,0.05328071841472148
565,54954.0,463500.0,2198.0,3585,06073018512,3960.0,294000.0,1695.0,46779.0,0.04142781200376381
566,116042.0,811500.0,3193.0,5146,06073018515,4767.0,628200.0,2087.0,82589.0,-0.06384398366278182
567,107440.0,644300.0,2750.0,3957,06073018516,3899.0,484000.0,2010.0,87298.0,0.017277868393881873
568,90478.0,567200.0,2224.0,4014,06073018517,4704.0,342500.0,1768.0,61607.0,0.009604254994397418
569,103317.0,632400.0,2043.0,3315,06073018518,3764.0,437000.0,1579.0,84643.0,0.037945468308745525
570,79851.0,602000.0,1978.0,6001,06073018519,5546.0,449800.0,1479.0,63940.0,0.00037418821444714506
571,93087.0,530500.0,2459.0,5394,06073018520,6234.0,420000.0,2072.0,75360.0,0.10153550623920198
572,110156.0,666700.0,2846.0,5427,06073018521,3905.0,420000.0,2072.0,75360.0,-0.16365259869528023
573,124119.0,806100.0,2618.0,5036,06073018522,4697.0,523200.0,1871.0,80884.0,-0.10375628764133785
574,102065.0,662100.0,2428.0,4871,06073018523,5224.0,523200.0,1871.0,80884.0,0.05826160499853626
575,89779.0,796200.0,2988.0,3660,06073018524,3830.0,525300.0,2226.0,95436.0,0.06026294568961897
576,159688.0,807900.0,3501.0,4003,06073018525,5123.0,525300.0,2226.0,95436.0,-0.04813253518082232
577,116842.0,808900.0,2914.0,4648,06073018601,5491.0,564400.0,2303.0,97151.0,0.05719325259268168
578,127315.0,650900.0,2615.0,3327,06073018608,2812.0,503900.0,2488.0,92083.0,0.04499765849512904
579,83807.0,536800.0,1748.0,6374,06073018609,6437.0,337000.0,1684.0,74958.0,0.09447504382723604
580,143333.0,673800.0,2570.0,5047,06073018612,4092.0,466400.0,2207.0,87845.0,-0.08338888537475338
581,88450.0,596100.0,2488.0,3801,06073018613,4073.0,415000.0,1943.0,77083.0,0.05226728207254567
582,66580.0,612900.0,1755.0,3191,06073018615,3046.0,376600.0,1547.0,38424.0,-0.011383574554533628
583,66733.0,575300.0,1880.0,3333,06073018616,3701.0,376600.0,1547.0,38424.0,0.009851972421216042
584,130500.0,804300.0,3015.0,3335,06073018617,3727.0,464100.0,1705.0,68393.0,-0.20623888783378666
585,76573.0,567300.0,2165.0,3982,06073018618,4074.0,464100.0,1705.0,68393.0,0.10267926214899419
586,173072.0,969200.0,3250.0,4941,06073018619,6642.0,600500.0,3501.0,109356.0,0.02885481019579969
587,83333.0,644800.0,2434.0,2095,06073018620,3464.0,600500.0,3501.0,109356.0,0.3557985313383161
588,115250.0,604500.0,2453.0,1979,06073018621,1453.0,239200.0,1698.0,51172.0,-0.20128667358267943
589,75085.0,356400.0,2290.0,5008,06073018622,4247.0,239200.0,1698.0,51172.0,-0.06331788006684544
590,62998.0,,2955.0,40481,06073018700,38754.0,0.0,2374.0,49578.0,
591,101625.0,811900.0,2551.0,3454,06073018801,3911.0,637700.0,2266.0,90857.0,0.13148101886605837
592,101161.0,880900.0,2106.0,4697,06073018803,4817.0,645000.0,1728.0,82250.0,0.045103864648857364
593,126161.0,1039300.0,2988.0,4928,06073018804,5299.0,660600.0,1896.0,105331.0,-0.028577768734923015
594,135717.0,820900.0,2328.0,3977,06073018805,3045.0,660570.0,1889.0,104957.0,0.005702209549002503
595,73750.0,627000.0,1417.0,5819,06073018903,4905.0,464600.0,1215.0,51629.0,-0.0076829657823409316
596,71307.0,607600.0,1804.0,6535,06073018904,5554.0,422500.0,1297.0,48369.0,-0.05950648107924208
597,78975.0,655900.0,1687.0,6095,06073018905,6891.0,449100.0,1180.0,57473.0,0.002850885604952051
598,76410.0,734900.0,1569.0,6363,06073018906,6798.0,504100.0,1292.0,62880.0,0.03850982843992759
599,128244.0,876000.0,3501.0,6497,06073019001,5837.0,623200.0,799.0,89392.0,-0.2786225336845657
600,130987.0,805300.0,2292.0,3818,06073019002,2175.0,509200.0,1194.0,80898.0,-0.25981574027165694
601,115254.0,716500.0,2844.0,5929,06073019103,5682.0,600000.0,0.0,97083.0,-0.1379505930157114
602,118636.0,788400.0,2123.0,6577,06073019105,5719.0,606991.0,2222.0,97280.0,0.11092318274961199
603,159375.0,682000.0,1878.0,3018,06073019107,2067.0,318600.0,1583.0,80500.0,-0.1829789742170965
604,96621.0,643600.0,1549.0,2344,06073019108,2896.0,522600.0,1416.0,95164.0,0.17692617083103032
605,122083.0,652100.0,1630.0,4300,06073019109,3997.0,522600.0,1416.0,95164.0,0.059355727902774706
606,130402.0,840100.0,1903.0,5108,06073019110,6018.0,607373.0,1080.0,96974.0,-0.024555032891652347
607,125366.0,874200.0,1177.0,4504,06073019111,4538.0,607400.0,1077.0,96978.0,0.0048916674370605845
608,138000.0,772000.0,3102.0,2793,06073019203,2826.0,575400.0,1934.0,85500.0,-0.0837251559648355
609,62459.0,427200.0,2145.0,6072,06073019205,6273.0,356800.0,1580.0,52108.0,0.025566970362972077
610,97939.0,591900.0,2108.0,5865,06073019206,5909.0,461500.0,1631.0,71854.0,0.041125994144426394
611,132891.0,1026300.0,2898.0,3682,06073019208,3369.0,681800.0,1596.0,88365.0,-0.16954977481799452
612,141136.0,926600.0,2759.0,2899,06073019209,3576.0,577000.0,1489.0,69125.0,-0.21376339780969034
613,74038.0,601400.0,1784.0,6318,06073019210,6092.0,577000.0,1489.0,69125.0,0.1504505719305006
614,112750.0,794800.0,3131.0,6359,06073019301,6726.0,577800.0,2257.0,105063.0,0.0505911844526942
615,124338.0,778100.0,2121.0,8511,06073019303,7921.0,521600.0,1805.0,91652.0,0.02426541638735076
616,103207.0,676800.0,3113.0,3328,06073019304,3661.0,445600.0,1875.0,75567.0,-0.0738497458721323
617,76768.0,603400.0,2553.0,4010,06073019305,4031.0,445600.0,1875.0,75567.0,0.06758809404481081
618,100227.0,595100.0,2725.0,5487,06073019403,5270.0,439600.0,1746.0,91036.0,-0.0020798823556870197
619,79896.0,618900.0,2123.0,3232,06073019404,3409.0,415000.0,1682.0,86293.0,0.08370574508646267
620,76382.0,625000.0,2233.0,3969,06073019405,3994.0,397800.0,1748.0,72217.0,0.02936687776157757
621,83590.0,619300.0,1853.0,4760,06073019406,4888.0,426700.0,1563.0,75179.0,0.05797044256024692
622,82750.0,633800.0,1896.0,3447,06073019501,4068.0,364000.0,1505.0,54500.0,-0.02638558488308162
623,60078.0,570200.0,1772.0,5732,06073019502,5928.0,384500.0,1392.0,46472.0,0.02520704233538369
624,82123.0,493100.0,1963.0,5163,06073019503,5638.0,242400.0,1679.0,67535.0,0.0544705217092836
625,112981.0,780200.0,1789.0,6887,06073019601,7468.0,577800.0,1497.0,78310.0,0.028245068795887347
626,110625.0,839800.0,1785.0,5882,06073019602,5397.0,591000.0,1303.0,85340.0,-0.03407161360460806
627,90234.0,771400.0,2338.0,7374,06073019701,7214.0,446600.0,1807.0,78300.0,-0.021418027529168243
628,101607.0,754000.0,2246.0,4915,06073019702,5070.0,530200.0,1790.0,94452.0,0.06840668375342959
629,107813.0,779500.0,2619.0,5668,06073019803,5115.0,551300.0,2283.0,91667.0,0.032120593980240336
630,148618.0,1044400.0,3479.0,4433,06073019804,4412.0,670400.0,2668.0,119667.0,-0.006962773334711958
631,87266.0,509400.0,2301.0,4111,06073019805,4265.0,377520.0,1490.0,49473.0,-0.08529552465658054
632,98521.0,797200.0,2767.0,4667,06073019808,4659.0,601634.0,2207.0,75776.0,0.022471647915624143
633,132650.0,709800.0,2702.0,4289,06073019809,4039.0,545342.0,2637.0,99870.0,0.05153880151003899
634,116750.0,846600.0,2661.0,6625,06073019810,7199.0,643426.0,2043.0,109323.0,0.0739413625793355
635,125000.0,1047700.0,2807.0,5977,06073019811,5090.0,644100.0,2040.0,109443.0,-0.05049791095094586
636,82206.0,721600.0,2200.0,4234,06073019902,4276.0,490000.0,1429.0,70764.0,-0.03365023764607904
637,105089.0,846400.0,2220.0,4779,06073019903,5035.0,538500.0,1435.0,84048.0,-0.06461259603703126
638,104458.0,833600.0,2357.0,5868,06073019904,6916.0,583800.0,1914.0,80476.0,0.050478769544416685
639,107944.0,779200.0,2451.0,5502,06073019905,4309.0,569200.0,1783.0,77219.0,-0.091088446954376
640,185121.0,1131900.0,3501.0,5818,06073020015,5001.0,710800.0,2128.0,111054.0,-0.14562853483153804
641,62702.0,,2145.0,3171,06073020017,3342.0,0.0,1670.0,57128.0,
642,74026.0,574200.0,1747.0,7296,06073020019,7093.0,333500.0,1525.0,62779.0,0.035063123821138076
643,83706.0,746100.0,1685.0,5287,06073020021,6701.0,547500.0,1360.0,79267.0,0.11654648599208092
644,102574.0,657800.0,2218.0,4055,06073020023,4656.0,429800.0,2461.0,90885.0,0.16040516340177063
645,85714.0,607100.0,2250.0,4203,06073020024,4517.0,449200.0,1931.0,68011.0,0.08570338535287525
646,86080.0,622700.0,2354.0,5357,06073020025,4771.0,436100.0,1714.0,70847.0,-0.03921117013583672
647,122750.0,852500.0,2555.0,4234,06073020026,4461.0,599400.0,2091.0,94211.0,0.024865136645673983
648,58147.0,573500.0,1737.0,3681,06073020028,4825.0,367600.0,1297.0,43295.0,0.05785647921612198
649,71301.0,418000.0,2140.0,6897,06073020029,5808.0,97600.0,1481.0,42799.0,-0.09017191283796663
650,180625.0,1373400.0,2240.0,8502,06073020030,7386.0,854000.0,1832.0,133731.0,0.010392892876109366
651,119681.0,1047700.0,2321.0,6575,06073020031,7293.0,854000.0,1832.0,133731.0,0.11124021344935786
652,163000.0,1101200.0,2656.0,3313,06073020032,3744.0,724200.0,2410.0,124063.0,0.06318302041063277
653,115682.0,872400.0,2850.0,4259,06073020033,4091.0,724200.0,2410.0,124063.0,0.1138934729621693
654,240587.0,1409400.0,3501.0,2560,06073020034,2808.0,889600.0,3501.0,162143.0,0.007481434875179542
655,172092.0,1194700.0,3501.0,6246,06073020035,6905.0,889600.0,3501.0,162143.0,0.045848450229902304
656,71555.0,415300.0,1847.0,3649,06073020036,4079.0,356400.0,1599.0,50972.0,0.0812938936247631
657,94222.0,712000.0,2241.0,4342,06073020037,4662.0,356400.0,1599.0,50972.0,-0.1552675940928403
658,157069.0,877300.0,3501.0,5232,06073020038,5455.0,597500.0,2729.0,128338.0,0.004977265357091892
659,152083.0,846600.0,2905.0,2038,06073020039,2428.0,597500.0,2729.0,128338.0,0.06575488294088365
660,140746.0,947700.0,2943.0,4095,06073020040,3926.0,637200.0,1752.0,86295.0,-0.15456440078869083
661,79693.0,616100.0,2092.0,2713,06073020041,2921.0,637200.0,1752.0,86295.0,0.22859511548614572
662,110199.0,705400.0,2652.0,4452,06073020042,3101.0,712200.0,2800.0,123887.0,0.14300576996637515
663,189265.0,1219100.0,2458.0,5468,06073020043,5735.0,712200.0,2800.0,123887.0,0.05305841517008317
664,207500.0,1060900.0,3501.0,9367,06073020044,8625.0,712200.0,2800.0,123887.0,-0.02863955309145308
665,113875.0,523100.0,1830.0,4382,06073020105,4029.0,377700.0,1542.0,76475.0,-0.015375923868608476
666,93509.0,647100.0,2336.0,3730,06073020106,3704.0,447600.0,1630.0,88832.0,0.014826312888765944
667,104273.0,802200.0,2124.0,4772,06073020107,3923.0,481300.0,1739.0,86528.0,-0.049545754252357244
668,66250.0,512600.0,2109.0,4705,06073020108,6524.0,339000.0,1624.0,60328.0,0.09838257941350544
669,102381.0,604600.0,2505.0,5004,06073020109,5386.0,414800.0,2120.0,82806.0,0.043554409194033285
670,136468.0,805800.0,3119.0,8900,06073020110,6253.0,581900.0,1940.0,115278.0,-0.055537210220944405
671,167534.0,824400.0,2212.0,3858,06073020111,3935.0,581900.0,1940.0,115278.0,0.04490125721294706
672,47669.0,441300.0,1793.0,6792,06073020202,6789.0,340600.0,1315.0,44750.0,0.01585967224499391
673,71071.0,569900.0,1755.0,5138,06073020206,6077.0,424000.0,1223.0,49243.0,0.0356711175145521
674,61950.0,566800.0,1779.0,4940,06073020207,4794.0,194200.0,1357.0,39464.0,-0.060060917923035
675,104911.0,604600.0,2350.0,3567,06073020208,2584.0,405045.0,1750.0,71709.0,-0.09449873979504064
676,52881.0,157900.0,1601.0,4715,06073020209,5224.0,83600.0,1270.0,39968.0,0.04796298438816159
677,64069.0,357600.0,1800.0,4413,06073020210,5084.0,254800.0,1395.0,54179.0,0.06303452430938547
678,61327.0,556100.0,1970.0,5821,06073020211,6481.0,364900.0,1458.0,46333.0,0.002039955108265358
679,53333.0,487800.0,1863.0,3962,06073020213,3865.0,330800.0,1334.0,41250.0,-0.01786697604444061
680,32194.0,612800.0,1689.0,4855,06073020214,6194.0,320000.0,1291.0,29043.0,0.019967065623800517
681,140586.0,688600.0,2734.0,6480,06073020304,6813.0,503300.0,2123.0,108958.0,0.01900618653882903
682,108814.0,687000.0,2756.0,5812,06073020305,6221.0,490200.0,1614.0,83936.0,-0.07723592392371433
683,51736.0,277300.0,1916.0,6512,06073020308,5815.0,175900.0,1388.0,33645.0,-0.03860870005188571
684,107313.0,628500.0,2097.0,4428,06073020309,4410.0,518000.0,1633.0,81216.0,0.04008951016408466
685,119141.0,749800.0,2733.0,9136,06073020310,7611.0,461100.0,2152.0,75318.0,-0.07670930941817564
686,108821.0,805800.0,3501.0,3841,06073020311,2048.0,461100.0,2152.0,75318.0,-0.20778008357232747
687,111906.0,626700.0,,4180,06073020312,4415.0,372300.0,1185.0,64638.0,
688,54900.0,495300.0,1311.0,2575,06073020313,3019.0,372300.0,1185.0,64638.0,0.11457584928472708
689,156806.0,1145600.0,2940.0,2336,06073020401,2208.0,792400.0,2500.0,125132.0,0.022009514672108717
690,117417.0,695300.0,2336.0,3728,06073020403,3705.0,438300.0,1497.0,97101.0,-0.07815384878424268
691,95543.0,887500.0,2317.0,5512,06073020404,5025.0,681000.0,1895.0,85278.0,0.04748521660830614
692,154018.0,1052300.0,2304.0,3422,06073020405,3505.0,784500.0,1583.0,122400.0,-0.02105770171415003
693,76989.0,632000.0,1723.0,4457,06073020500,5078.0,458300.0,1427.0,61607.0,0.07791193036200827
694,58569.0,634600.0,1674.0,6000,06073020601,6234.0,353400.0,1414.0,57822.0,0.023076929062778875
695,69756.0,667100.0,1876.0,6372,06073020602,6022.0,440000.0,1368.0,56593.0,-0.03474286019657092
696,126538.0,703900.0,2551.0,4868,06073020705,4841.0,489306.0,0.0,116249.0,-0.13808065798181002
697,181521.0,981800.0,2843.0,6085,06073020706,6597.0,729600.0,2830.0,131719.0,0.058123408474338834
698,78281.0,559700.0,2079.0,5188,06073020707,5122.0,376700.0,1645.0,52244.0,-0.008206968130817359
699,162688.0,847000.0,2692.0,3755,06073020708,3640.0,554000.0,1533.0,88158.0,-0.19875713325074337
700,152656.0,917400.0,1429.0,1763,06073020710,1818.0,693200.0,1942.0,119821.0,0.18198560266655317
701,146250.0,988300.0,,3626,06073020711,3449.0,558200.0,1861.0,104227.0,
702,135163.0,807700.0,1979.0,4177,06073020712,4889.0,558200.0,1861.0,104227.0,0.09869836958013417
703,155556.0,876100.0,1756.0,5258,06073020801,5677.0,679100.0,1833.0,120708.0,0.1433931641071416
704,111029.0,626800.0,1835.0,3358,06073020805,3322.0,469100.0,1492.0,67222.0,-0.01894812354140562
705,74464.0,595000.0,1729.0,5636,06073020806,6379.0,383900.0,1376.0,64589.0,0.05330394583885495
706,126486.0,806600.0,,3234,06073020807,2720.0,611900.0,1933.0,101154.0,
707,134781.0,717400.0,2789.0,5030,06073020810,5229.0,520900.0,2324.0,122283.0,0.06409226813364735
708,134261.0,735700.0,2439.0,5934,06073020811,6100.0,496900.0,2321.0,117863.0,0.07682687699791584
709,51121.0,853400.0,1659.0,2217,06073020812,2284.0,455100.0,2007.0,90403.0,0.22654317172235228
710,115163.0,654000.0,2703.0,6109,06073020813,5209.0,455100.0,2007.0,90403.0,-0.0391325580712161
711,111304.0,571900.0,,2282,06073020902,2235.0,458700.0,1616.0,92908.0,
712,69831.0,462400.0,1455.0,3066,06073020903,3064.0,273497.0,1045.0,50288.0,-0.003231710922176013
713,82990.0,576300.0,1698.0,2562,06073020904,2223.0,383900.0,1173.0,58558.0,-0.039940948997912985
714,59885.0,316100.0,,1872,06073021001,1368.0,162100.0,729.0,45952.0,
715,104274.0,422300.0,997.0,1649,06073021002,1338.0,162100.0,729.0,45952.0,-0.09723376848762716
716,59684.0,363600.0,1779.0,4652,06073021101,5355.0,271700.0,1062.0,45288.0,0.0030442055903813145
717,52212.0,377400.0,2059.0,2966,06073021102,2643.0,271700.0,1062.0,45288.0,-0.07236267670308967
718,93370.0,483500.0,3163.0,3314,06073021202,3727.0,377600.0,1394.0,91667.0,-0.05419085650988753
719,138061.0,883600.0,,5941,06073021204,5541.0,685800.0,2839.0,108913.0,
720,96402.0,696600.0,2020.0,7168,06073021205,6813.0,508400.0,1567.0,61337.0,-0.036146054663677596
721,135000.0,777500.0,2125.0,3358,06073021206,3274.0,586500.0,2270.0,119441.0,0.14105115863225998
722,127074.0,664200.0,2027.0,6735,06073021302,7616.0,545100.0,1163.0,95568.0,-0.019184936156485588
723,167500.0,997000.0,,3215,06073021304,2699.0,652700.0,2393.0,124464.0,
724,132475.0,949900.0,3036.0,3936,06073021305,4543.0,727700.0,1990.0,135083.0,0.05115757196848088
725,157008.0,1025800.0,3501.0,5069,06073021306,5039.0,725342.0,1988.0,134622.0,-0.06407329772343906
726,102350.0,1243100.0,2583.0,4242,06073021401,4358.0,785300.0,1834.0,87188.0,-0.012354843904831894
727,97470.0,1139800.0,1911.0,3056,06073021402,3049.0,785300.0,1834.0,87188.0,0.10586911024580187
728,250001.0,2000001.0,2862.0,3892,06073021501,5007.0,1232500.0,1784.0,177863.0,-0.010592865422826891
729,176076.0,1727200.0,2325.0,9042,06073021502,6151.0,1235891.0,1794.0,178349.0,-0.010329217809423696
730,111023.0,1536500.0,3458.0,2922,06073021600,3282.0,1248100.0,2596.0,87604.0,0.030650299450036236
731,213125.0,2000001.0,3501.0,1987,06073021800,2403.0,2000001.0,3015.0,144276.0,0.004412340136958709
732,42976.0,540900.0,1191.0,3089,06073021900,7107.0,209600.0,1081.0,44885.0,0.19493331428531907
733,66801.0,603600.0,1743.0,4357,06073022000,4681.0,402800.0,1167.0,46291.0,-0.0229908458647821
734,156678.0,1287500.0,2938.0,2279,06073022101,2819.0,825900.0,1949.0,104705.0,-0.04641877134866658
735,143056.0,1227400.0,2844.0,7322,06073022102,7186.0,825900.0,1949.0,104705.0,-0.043995793279554773
736,,,,0,06073990100,0.0,0.0,0.0,0.0,
